id,cruise,haul,posneg,long1,lat1,lance,long,lat,peso_captura_total_kg,date,station
1,JCFINP1904,1,negative,-105.8170625,22.19198833,1,-105.8181,22.20615,33.575,28/04/2019,spring
2,JCFINP1904,2,negative,-106.2143367,22.161925,2,-106.2343,22.15184167,27.395,29/04/2019,spring
3,JCFINP1904,3,negative,-106.3957258,22.06904083,3,-106.4133083,22.05972,0.332,29/04/2019,spring
4,JCFINP1904,4,negative,-106.053445,22.71783083,4,-106.0617667,22.72965,170.181,30/04/2019,spring
5,JCFINP1904,5,negative,-106.10251,22.79568,5,-106.0901017,22.80435,7.285,30/04/2019,spring
6,JCFINP1904,6,positive,-106.2502842,22.96221333,6,-106.2395583,22.95370667,20.327,1/5/2019,spring
7,JCFINP1904,7,positive,-106.1400308,22.81209833,7,-106.1304817,22.80120667,9.018,1/5/2019,spring
8,JCFINP1904,8,positive,-106.30197,23.01832583,8,-106.3150733,23.03086167,6.809,2/5/2019,spring
9,JCFINP1904,9,negative,-106.6811925,23.38031417,9,-106.6650783,23.37991667,23.806,3/5/2019,spring
10,JCFINP1904,10,negative,-106.8998758,23.55273,10,-106.91453,23.54264333,6.521,3/5/2019,spring
11,JCFINP1904,11,negative,-107.2504117,23.66029167,11,-107.238205,23.66713667,33.514,4/5/2019,spring
12,JCFINP1904,12,negative,-107.24086,23.66668083,12,-107.261905,23.65519667,3.564,4/5/2019,spring
13,JCFINP1904,13,negative,-107.0817888,23.88267573,13,-107.091856,23.8934948,14.058,4/5/2019,spring
14,JCFINP1904,14,positive,-107.3759225,23.88584333,14,-107.39697,23.87586,5.834,4/5/2019,spring
15,JCFINP1904,15,negative,-107.6712408,24.02618758,15,-107.653595,24.03606167,34.981,5/5/2019,spring
16,JCFINP1904,16,positive,-107.7978925,24.25083417,16,-107.811405,24.24355333,14.59,5/5/2019,spring
17,JCFINP1904,17,positive,-107.6861165,23.80607657,17,-107.68629,23.30601333,37.145,6/5/2019,spring
18,JCFINP1904,18,positive,-107.0549433,23.76056833,18,-107.041265,23.76811167,11.761,8/5/2019,spring
19,JCFINP1904,19,negative,-107.0884058,23.88869833,19,-107.0971333,23.897575,165.4924,8/5/2019,spring
20,JCFINP1904,20,negative,-109.1768025,23.5484475,20,-109.1982367,23.53751167,29.193,9/5/2019,spring
21,JCFINP1904,21,positive,-108.0847875,24.39291,21,-108.0720767,24.39978333,8.316,10/5/2019,spring
22,JCFINP1904,22,negative,-108.1514633,24.6688125,22,-108.16078,24.68105167,0.023,10/5/2019,spring
23,JCFINP1904,23,negative,-109.4254472,24.00073845,23,-109.4484711,23.9894619,4.544,10/5/2019,spring
24,JCFINP1904,24,negative,-109.7044592,24.13532417,24,-109.7100833,24.15606333,3.024,11/5/2019,spring
25,JCFINP1904,25,negative,-109.2544642,24.3728775,25,-109.2344,24.38557167,5.788,11/5/2019,spring
26,JCFINP1904,26,negative,-108.6312885,24.69245796,26,-108.6113783,24.70519667,28.921,12/5/2019,spring
27,JCFINP1904,27,negative,-108.3237825,24.851295,27,-108.3099467,24.85844,54.135,12/5/2019,spring
28,JCFINP1904,28,negative,-108.3870355,25.01469333,28,-108.3968827,25.02861665,32.889,12/5/2019,spring
29,JCFINP1904,29,positive,-108.6351152,24.98132067,29,-108.6663753,24.96646967,0.126,12/5/2019,spring
30,JCFINP1904,30,positive,-108.8705417,25.13809308,30,-108.8507217,25.15391667,53.476,13/05/2019,spring
31,JCFINP1904,31,positive,-109.068305,25.3358875,31,-109.0776133,25.33089667,3.064,14/05/2019,spring
32,JCFINP1904,32,negative,-109.9282641,24.89803908,32,-109.947405,24.88823,4.965,14/05/2019,spring
33,JCFINP1904,33,negative,-109.5411567,25.38462583,33,-109.521185,25.39510167,0.3,15/05/2019,spring
34,JCFINP1904,34,positive,-109.5098725,25.74436583,34,-109.510805,25.76778167,19.1483,15/05/2019,spring
35,JCFINP1904,35,negative,-109.8473775,25.51795,35,-109.8758517,25.50359,22.735,16/05/2019,spring
36,JCFINP1904,36,positive,-109.6526208,26.000765,36,-109.6588033,26.01645833,13.001,17/05/2019,spring
37,JCFINP1904,37,negative,-109.6280717,26.09839667,37,-109.6143417,26.11559333,0,17/05/2019,spring
38,JCFINP1904,38,negative,-110.8745958,25.53226083,38,-110.8984467,25.53873333,49.513,18/05/2019,spring
39,JCFINP1904,39,positive,-109.692415,26.46270083,39,-109.6717817,26.47449,11.283,18/05/2019,spring
40,JCFINP1904,40,positive,-109.6095558,26.5615125,40,-109.632,26.573945,115.998,19/05/2019,spring
41,JCFINP1904,41,positive,-111.3110758,26.21987917,41,-111.28958,26.23153167,3907.02,19/05/2019,spring
42,JCFINP1904,42,negative,-110.89579,26.430965,42,-110.8727583,26.44342,0.05,20/05/2019,spring
43,JCFINP1904,43,negative,-110.2373533,26.76729417,43,-110.2161017,26.77857667,26.058,20/05/2019,spring
44,JCFINP1904,44,positive,-110.0764392,26.84910167,44,-110.0534683,26.86034333,34.951,20/05/2019,spring
45,JCFINP1904,45,positive,-110.2868533,27.02982583,45,-110.308705,27.02016,40.938,20/05/2019,spring
46,JCFINP1904,46,negative,-110.4494358,26.9488375,46,-110.4695133,26.93882833,92.99,21/05/2019,spring
47,JCFINP1904,47,positive,-111.2022317,26.85505,47,-111.181375,26.86559833,7.155,21/05/2019,spring
48,JCFINP1904,48,positive,-110.9667633,26.97424667,48,-110.9425133,26.98726833,1.184,22/05/2019,spring
49,JCFINP1904,49,negative,-110.7080592,27.3953525,49,-110.7218017,27.38868167,0.589,22/05/2019,spring
50,JCFINP1904,50,positive,-111.6024167,26.93966667,50,-111.6249233,26.92941333,245.79,23/05/2019,spring
51,JCFINP1904,51,positive,-110.9488808,27.83757833,51,-110.964815,27.84586167,154.936,23/05/2019,spring
52,JCFINP1904,52,positive,-111.2290125,27.7080025,52,-111.2524183,27.69734,1.175,24/05/2019,spring
53,JCFINP1906,1,negative,-117.0478835,31.90446585,1,-117.073147,31.892365,0.118,20/06/2019,spring
54,JCFINP1906,2,positive,-117.4259415,31.7024425,2,-117.404925,31.7159133,1.135,20/06/2019,spring
55,JCFINP1906,3,negative,-117.732235,31.54344165,3,-117.754487,31.531605,6.40322,20/06/2019,spring
56,JCFINP1906,4,negative,-116.7601868,31.69349835,4,-116.7495417,31.67353,2.897,22/06/2019,summer
57,JCFINP1906,5,negative,-116.746775,31.48497,5,-116.749542,31.50004,327.395,22/06/2019,summer
58,JCFINP1906,6,positive,-116.8438285,31.4282883,6,-116.85945,31.4203633,3.039,22/06/2019,summer
59,JCFINP1906,7,positive,-117.368194,31.1533742,7,-117.390928,31.1410417,12.409,22/06/2019,summer
60,JCFINP1906,8,positive,-116.719503,31.20169335,8,-116.697513,31.2148017,7.3795,23/06/2019,summer
61,JCFINP1906,9,negative,-116.399581,31.16012585,9,-116.38918,31.1410067,42.72,24/06/2019,summer
62,JCFINP1906,10,negative,-116.4022675,31.0796217,10,-116.423527,31.0683017,58,24/06/2019,summer
63,JCFINP1906,11,positive,-116.558976,30.9957642,11,-116.577367,30.9863267,1.359,24/06/2019,summer
64,JCFINP1906,12,positive,-117.0118915,30.46425335,12,-116.9904,30.47584,3.871,25/06/2019,summer
65,JCFINP1906,13,positive,-116.4911742,30.740705,13,-116.468,30.75318,11.306,25/06/2019,summer
66,JCFINP1906,14,positive,-116.1823967,30.61343417,14,-116.204345,30.60076333,38.559,26/06/2019,summer
67,JCFINP1906,15,positive,-116.5650283,30.40855833,15,-116.5868967,30.39697,45.999,26/06/2019,summer
68,JCFINP1906,16,positive,-116.7333383,30.31774583,16,-116.7529,30.30858833,6.399,26/06/2019,summer
69,JCFINP1906,17,positive,-116.9944992,29.89000417,17,-116.9729283,29.901155,12.874,27/06/2019,summer
70,JCFINP1906,18,positive,-116.7333025,30.02776167,18,-116.7115,30.03986667,27.599,27/06/2019,summer
71,JCFINP1906,19,positive,-116.3554575,30.228765,19,-116.3349583,30.23941167,30.727,28/06/2019,summer
72,JCFINP1906,20,positive,-116.3446,29.64957917,20,-116.3240183,29.66105,4.766,29/06/2019,summer
73,JCFINP1906,21,positive,-115.9553284,29.56432834,21,-115.9745167,29.55426667,23.186,29/06/2019,summer
74,JCFINP1906,22,negative,-117.0478835,31.90446585,22,-117.073147,31.892365,102,3/7/2019,summer
75,JCFINP1906,23,negative,-115.0155308,28.59818834,23,-114.9952583,28.612365,66.79,4/7/2019,summer
76,JCFINP1906,24,negative,-114.6343867,28.80548,24,-114.6106517,28.81732333,16.03,5/7/2019,summer
77,JCFINP1906,25,positive,-115.7989117,27.89536584,25,-115.81938,27.88456,19.559,6/7/2019,summer
78,JCFINP1906,26,positive,-116.08527,27.74368834,26,-116.1061483,27.732735,0.875,6/7/2019,summer
79,JCFINP1906,27,positive,-116.4484359,27.550845,27,-116.4668517,27.54134167,5.663,6/7/2019,summer
80,JCFINP1906,28,negative,-117.318605,26.80571667,28,-117.300565,26.81531,48.165,7/7/2019,summer
81,JCFINP1906,29,positive,-116.1664567,27.4139875,29,-116.14358,27.42511333,290.688,7/7/2019,summer
82,JCFINP1906,30,negative,-115.5516292,27.73497,30,-115.5295217,27.74709833,21,7/7/2019,summer
83,JCFINP1906,31,positive,-115.89908,27.25799083,31,-115.9202117,27.246365,0.589,9/7/2019,summer
84,JCFINP1906,32,positive,-116.09436,27.15365583,32,-116.1160633,27.14203167,0.784,9/7/2019,summer
85,JCFINP1906,33,positive,-116.3131633,27.03761583,33,-116.3147383,27.036785,30.996,9/7/2019,summer
86,JCFINP1906,34,negative,-114.96343,27.45648917,34,-114.9465667,27.47089167,5.152,10/7/2019,summer
87,JCFINP1907,1,positive,-114.5770309,27.08243917,1,-114.5564767,27.09104167,1.751,29/08/2019,summer
88,JCFINP1907,2,negative,-114.340985,26.91562084,2,-114.361235,26.90520667,772.586,29/08/2019,summer
89,JCFINP1907,3,negative,-114.9883367,26.57243917,3,-115.010685,26.56078667,230.558,29/08/2019,summer
90,JCFINP1907,4,positive,-114.8443192,26.35854833,4,-114.82431,26.367805,102.682,30/07/2019,summer
91,JCFINP1907,5,negative,-114.1893592,26.69961583,5,-114.172535,26.71325333,2.137,30/07/2019,summer
92,JCFINP1907,6,negative,-113.85233,26.58469583,6,-113.8728633,26.57240167,0.706,31/07/2019,summer
93,JCFINP1907,7,negative,-114.25326,26.35457167,7,-114.2705133,26.34442,2.399,31/07/2019,summer
94,JCFINP1907,8,negative,-115.54012,25.61381333,8,-115.5604933,25.60226667,1.116,1/8/2019,summer
95,JCFINP1907,9,negative,-116.0762775,25.30607167,9,-116.096715,25.29457,15.002,1/8/2019,summer
96,JCFINP1907,10,negative,-114.1707117,26.09071083,10,-114.14998,26.10149667,8.574,3/8/2019,summer
97,JCFINP1907,11,negative,-113.8466633,26.27613833,11,-113.8254367,26.28854833,0.374,3/8/2019,summer
98,JCFINP1907,12,positive,-113.6591933,26.38356833,12,-113.63891,26.395155,3.871,3/8/2019,summer
99,JCFINP1907,13,negative,-113.1334958,26.37998833,13,-113.1542883,26.36825167,9.825,3/8/2019,summer
100,JCFINP1907,14,negative,-113.4152383,26.20905333,14,-113.4329833,26.19872333,224.701,4/8/2019,summer
101,JCFINP1907,15,negative,-113.6662658,26.060685,15,-113.6866983,26.04842167,423,4/8/2019,summer
102,JCFINP1907,16,negative,-115.4261283,25.00362833,16,-115.4521283,24.98792,0.609,5/8/2019,summer
103,JCFINP1907,17,negative,-115.6889167,24.84512417,17,-115.71218,24.831515,0.169,5/8/2019,summer
104,JCFINP1907,18,positive,-115.9703958,24.42773667,18,-115.954765,24.437135,0.523,5/8/2019,summer
105,JCFINP1907,19,positive,-113.1390733,26.07366,19,-113.1189567,26.085465,136.3,7/8/2019,summer
106,JCFINP1907,20,negative,-112.9117417,26.20836583,20,-112.8918617,26.21709333,236.824,7/8/2019,summer
107,JCFINP1907,21,negative,-112.5536825,26.11160167,21,-112.5829233,26.09609333,12.728,7/8/2019,summer
108,JCFINP1907,22,negative,-112.73981,25.72019333,22,-112.7200233,25.73137333,186.999,8/8/2019,summer
109,JCFINP1907,23,negative,-112.3682767,25.62605167,23,-112.38857,25.61534,112,9/8/2019,summer
110,JCFINP1907,24,negative,-112.5086275,25.5516375,24,-112.5292083,25.54084667,705.008,9/8/2019,summer
111,JCFINP1907,25,positive,-112.7432708,25.63545,25,-112.721905,25.14758333,105.33,10/8/2019,summer
112,JCFINP1907,26,negative,-112.2848783,25.38654917,26,-112.2632567,25.38978333,3.267,10/8/2019,summer
113,JCFINP1907,27,positive,-112.3834158,25.03374667,27,-112.4097333,25.01962167,105,11/8/2019,summer
114,JCFINP1907,28,negative,-112.6608267,24.5948775,28,-112.63966,24.60512,20.741,12/8/2019,summer
115,JCFINP1907,29,negative,-113.2354533,23.70675417,29,-113.2093933,23.72127,7.04,13/08/2019,summer
116,JCFINP1907,30,positive,-112.4087992,24.14534083,30,-112.3879417,24.15636333,3.017,14/08/2019,summer
117,JCFINP1907,31,positive,-112.1026383,24.30650667,31,-112.07887,24.31957667,42.255,14/08/2019,summer
118,JCFINP1907,32,negative,-111.8575867,24.36205667,32,-111.84142,24.34454167,839.5,14/08/2019,summer
119,JCFINP1907,33,positive,-111.8904867,24.1263025,33,-111.9118817,24.11549667,313.99,14/08/2019,summer
120,JCFINP1907,34,positive,-111.1110075,23.95831667,34,-111.1305817,23.94613333,3.868,17/08/2019,summer
121,JCFINP1907,35,negative,-111.4291483,23.78728583,35,-111.4505367,23.775825,2.503,16/08/2019,summer
122,JCFINP1907,36,negative,-110.824135,23.8161,36,-110.8008667,23.82823667,1.055,17/08/2019,summer
123,JCFINP1907,37,positive,-110.6191358,23.6335825,37,-110.6416117,23.62136,136.828,18/08/2019,summer
124,JCFINP1907,38,negative,-110.50568,23.40049833,38,-110.478565,23.41558333,3.431,19/08/2019,summer
125,JCFINP2009,1,positive,-117.3533542,32.29056083,1,-117.3757967,32.27873,0.058,28/09/2020,autumn
126,JCFINP2009,2,positive,-117.05756,32.19245833,2,-117.0442767,32.19965333,0.577,29/09/2020,autumn
127,JCFINP2009,3,negative,NA,NA,3,-116.7045967,31.501905,0,30/09/2020,autumn
128,JCFINP2009,4,positive,-116.8488067,31.4256525,4,-116.86737,31.41586667,4.867,6/10/2020,autumn
129,JCFINP2009,5,positive,-116.4223608,31.06881667,5,-116.4430183,31.05781167,1.499,6/10/2020,autumn
130,JCFINP2009,6,negative,-116.7418458,30.89927917,6,-116.7213783,30.91038333,0.087,7/10/2020,autumn
131,JCFINP2009,7,negative,-116.33729,30.81448583,7,-116.3205567,30.83080667,0,8/10/2020,autumn
132,JCFINP2009,8,positive,-116.2346833,30.58385,8,-116.2539033,30.5732,2.013,8/10/2020,autumn
133,JCFINP2009,9,positive,-116.1604967,30.33323,9,-116.1391833,30.34528,20.15,9/10/2020,autumn
134,JCFINP2009,10,positive,-115.987525,30.134695,10,-116.0084317,30.12364833,26.835,10/10/2020,autumn
135,JCFINP2009,11,negative,-115.4607458,29.48344417,11,-115.47744,29.49661667,0,11/10/2020,autumn
136,JCFINP2009,12,positive,-115.6417792,29.51168417,12,-115.6435733,29.53103,211.262,11/10/2020,autumn
137,JCFINP2009,13,negative,-115.14233,29.1182175,13,-115.13346,29.12411667,197.136,12/10/2020,autumn
138,JCFINP2009,14,negative,-115.2490908,28.7716175,14,-115.26728,28.76202833,1.021,13/10/2020,autumn
139,JCFINP2009,15,negative,-115.9346475,27.5333625,15,-115.9140183,27.54415667,17.274,14/10/2020,autumn
140,JCFINP2009,16,positive,-115.4967217,27.763965,16,-115.4772033,27.77429,3.552,15/10/2020,autumn
141,JCFINP2009,17,positive,-115.4363958,27.20891833,17,-115.413015,27.22239833,4.244,16/10/2020,autumn
142,JCFINP2009,18,positive,-114.2636567,26.9573175,18,-114.2837067,26.94655167,36.508,17/10/2020,autumn
143,JCFINP2009,19,negative,-114.0342808,26.78447833,19,-114.0156333,26.79491833,622.92,18/10/2020,autumn
144,JCFINP2009,20,positive,-113.90848,26.850705,20,-113.8878983,26.862075,5.952,18/10/2020,autumn
145,JCFINP2009,21,negative,-113.6835383,26.3701575,21,-113.6643617,26.38124667,0,19/10/2020,autumn
146,JCFINP2009,22,positive,-113.5258267,26.45985917,22,-113.508005,26.470415,5.045,19/10/2020,autumn
147,JCFINP2009,23,negative,-113.2043517,26.33805083,23,-113.2224817,26.32734833,0.142,20/10/2020,autumn
148,JCFINP2009,24,positive,-112.79005,26.27644333,24,-112.7705833,26.28809833,23.801,20/10/2020,autumn
149,JCFINP2009,25,positive,-112.6603025,26.05539167,25,-112.6795067,26.045225,12.65,21/10/2020,autumn
150,JCFINP2009,26,negative,-112.8638333,25.94740667,26,-112.8799883,25.93878,4.133,21/10/2020,autumn
151,JCFINP2009,27,negative,-112.8769133,25.6488025,27,-112.8571,25.65934833,6.394,21/10/2020,autumn
152,JCFINP2009,28,positive,-113.2096892,25.14460667,28,-113.19962,25.124085,10.386,22/10/2020,autumn
153,JCFINP2009,29,negative,-112.8048508,24.81061833,29,-112.8251017,24.80003667,0.761,23/10/2020,autumn
154,JCFINP2009,30,negative,-113.13315,24.3445975,30,-113.1125367,24.3555,1.053,24/10/2020,autumn
155,JCFINP2009,31,negative,-111.908885,24.11791083,31,-111.9281817,24.10776333,0.1,24/10/2020,autumn
156,JCFINP2011,1,negative,-105.872215,21.75703667,1,-105.8861783,21.74993,0.016,7/11/2020,autumn
157,JCFINP2011,2,positive,-105.8676342,22.04889,2,-105.8516683,22.05711667,10.383,8/11/2020,autumn
158,JCFINP2011,3,negative,-106.75349,22.17700917,3,-106.73449,22.18669333,2.42,8/11/2020,autumn
159,JCFINP2011,4,negative,-106.0143933,22.55381333,4,-105.9907267,22.56577333,0.022,9/11/2020,autumn
160,JCFINP2011,5,positive,-106.1134775,22.74522333,5,-106.099905,22.75339,0.61,9/11/2020,autumn
161,JCFINP2011,6,negative,-106.32491,22.97392083,6,-106.31026,22.98175,0.016,10/11/2020,autumn
162,JCFINP2011,7,positive,-106.2425467,22.92873083,7,-106.2554233,22.949265,974.834,10/11/2020,autumn
163,JCFINP2011,8,negative,-106.5507292,23.14891,8,-106.572235,23.13809667,113.537,11/11/2020,autumn
164,JCFINP2011,9,positive,-106.6757025,23.37362917,9,-106.654385,23.38528,108.999,12/11/2020,autumn
165,JCFINP2011,10,positive,-106.84713,23.57674333,10,-106.8265867,23.587015,1.522,12/11/2020,autumn
166,JCFINP2011,11,negative,-107.061785,23.74053083,11,-107.041685,23.75084833,9.33,13/11/2020,autumn
167,JCFINP2011,12,negative,-107.8284583,23.94568917,12,-107.8064433,23.956805,12.152,13/11/2020,autumn
168,JCFINP2011,13,negative,-107.5118525,24.10716,13,-107.49131,24.11775167,84.418,14/11/2020,autumn
169,JCFINP2011,14,negative,-107.5935,24.24084333,14,-107.6068183,24.24799833,4.197,14/11/2020,autumn
170,JCFINP2011,15,negative,-108.1789533,24.34636667,15,-108.15769,24.35724333,17.2363,15/11/2020,autumn
171,JCFINP2011,16,negative,-108.0101658,24.43253333,16,-107.9885383,24.44328333,7.443,15/11/2020,autumn
172,JCFINP2011,17,negative,-108.2020275,24.62403167,17,-108.1803883,24.635105,1.228,16/11/2020,autumn
173,JCFINP2011,18,negative,-108.7104742,24.36476917,18,-108.7313367,24.35477333,10.986,16/11/2020,autumn
174,JCFINP2011,19,negative,-108.3225525,24.91338333,19,-108.3326483,24.92833833,79.348,17/11/2020,autumn
175,JCFINP2011,20,negative,-108.481755,25.06119167,20,-108.4974433,25.05327667,20.583,17/11/2020,autumn
176,JCFINP2011,21,positive,-109.044035,25.27382333,21,-109.0490683,25.30454833,177.5,18/11/2020,autumn
177,JCFINP2011,22,positive,-109.0937225,25.3224775,22,-109.11803,25.31078,2.193,18/11/2020,autumn
178,JCFINP2011,23,negative,-109.5911333,25.649015,23,-109.614955,25.637145,0.983,19/11/2020,autumn
179,JCFINP2011,24,negative,-109.7471242,25.85673833,24,-109.7219233,25.871625,0.199,20/11/2020,autumn
180,JCFINP2105,1,positive,-112.6819842,28.41781667,1,-112.7050217,28.40610167,83.005,8/6/2021,spring
181,JCFINP2105,2,positive,-112.5911817,28.1761575,2,-112.5716917,28.18454333,128.46,8/6/2021,spring
182,JCFINP2105,3,positive,-112.092655,28.14467417,3,-112.1051233,28.13863833,17.628,8/6/2021,spring
183,JCFINP2105,4,positive,-112.6033608,27.8792675,4,-112.62733,27.86658667,56.34,9/6/2021,spring
184,JCFINP2105,5,negative,-111.7341275,28.03198833,5,-111.7136333,28.04245667,15.909,9/6/2021,spring
185,JCFINP2105,6,positive,-111.3134267,27.95648417,6,-111.3339367,27.94603833,18.707,10/6/2021,spring
186,JCFINP2105,7,negative,-111.5227867,27.84994667,7,-111.5427367,27.83976,1.153,10/6/2021,spring
187,JCFINP2105,8,positive,-112.0560042,27.29022917,8,-112.0752517,27.306455,1424.3,10/6/2021,spring
188,JCFINP2105,9,positive,-110.8255317,27.77003417,9,-110.8046083,27.75860333,119.03,11/6/2021,spring
189,JCFINP2105,10,negative,-110.875465,27.60080083,10,-110.8954,27.59064667,0.689,11/6/2021,spring
190,JCFINP2105,11,positive,-111.6770458,26.9039875,11,-111.6553833,26.916245,19.69,11/6/2021,spring
191,JCFINP2105,12,negative,-111.2331533,27.129085,12,-111.2154117,27.138125,0.625,11/6/2021,spring
192,JCFINP2105,13,positive,-110.7089208,27.40081333,13,-110.7090117,27.384285,3.66,12/6/2021,spring
193,JCFINP2105,14,positive,-111.206195,26.8529975,14,-111.18895,26.86182,15.65,12/6/2021,spring
194,JCFINP2105,15,negative,-110.2982042,27.02745,15,-110.27561,27.03899833,52.096,17/06/2021,spring
195,JCFINP2105,16,positive,-110.0727025,26.8493075,16,-110.0870867,26.841945,16.35,17/06/2021,spring
196,JCFINP2105,17,negative,-110.2372658,26.76578583,17,-110.2597433,26.75441,6.546,18/06/2021,spring
197,JCFINP2105,18,negative,-110.7280375,25.93808,18,-110.74518,25.92933,1.7861,19/06/2021,spring
198,JCFINP2105,19,positive,-111.2202717,26.16331083,19,-111.1928567,26.15431667,981.851,19/06/2021,spring
199,JCFINP2105,20,negative,-109.50021,26.15895833,20,-109.5093233,26.13714,0,21/06/2021,summer
200,JCFINP2105,21,negative,-109.6075425,25.63438583,21,-109.5980367,25.64572,0.272,22/06/2021,summer
201,JCFINP2105,22,positive,-109.103915,25.3182225,22,-109.0826067,25.32899333,69.997,23/06/2021,summer
202,JCFINP2105,23,negative,-108.860675,25.15224333,23,-108.83661,25.16447667,0.799,23/06/2021,summer
203,JCFINP2105,24,positive,-108.5629983,25.01923583,24,-108.5405283,25.03059833,17.569,23/06/2021,summer
204,JCFINP2105,25,positive,-108.36067,24.90509333,25,-108.3361133,24.890085,529.3322,24/06/2021,summer
205,JCFINP2105,26,positive,-108.1347583,24.64607583,26,-108.1225667,24.628035,4.359,24/06/2021,summer
206,JCFINP2105,27,positive,-108.0401017,24.4168025,27,-108.0578733,24.40788167,11.366,24/06/2021,summer
207,JCFINP2105,28,positive,-107.1053475,23.73706917,28,-107.1223783,23.72837167,5.605,25/06/2021,summer
208,JCFINP2105,29,positive,-106.3201092,23.0320425,29,-106.3020133,23.01592167,26.812,26/06/2021,summer
209,JCFINP2105,30,positive,-106.1740808,22.76297167,30,-106.1959833,22.750165,1.52,26/06/2021,summer
210,JCFINP2109,1,positive,-112.2926767,27.50268833,1,-112.29606,27.51686167,1.587,24/09/2021,autumn
211,JCFINP2109,2,positive,-112.2479417,27.35899167,2,-112.26056,27.37545333,4.946,25/09/2021,autumn
212,JCFINP2109,3,negative,-112.1569358,27.31572917,3,-112.1427533,27.31165167,0.136,25/09/2021,autumn
213,JCFINP2109,4,positive,-112.0775342,27.6488475,4,-112.085255,27.66904,29.16,25/09/2021,autumn
214,JCFINP2109,5,positive,-112.0362267,27.54285,5,-112.0362267,27.54285,2.24,26/09/2021,autumn
215,JCFINP2109,6,negative,-111.9299683,27.42828,6,-111.944925,27.44255167,0.06,26/09/2021,autumn
216,JCFINP2109,7,positive,-111.68385,27.61458333,7,-111.7052983,27.62607667,1.569,26/09/2021,autumn
217,JCFINP2109,8,positive,-111.8043133,27.73198083,8,-111.792225,27.71494667,0.544,27/09/2021,autumn
218,JCFINP2109,9,negative,-111.8629317,27.8154575,9,-111.8505667,27.79848667,0.564,27/09/2021,autumn
219,JCFINP2109,10,positive,-111.64999,27.96304917,10,-111.6712467,27.97493333,63.67,27/09/2021,autumn
220,JCFINP2109,11,positive,-111.5325275,27.89194333,11,-111.54744,27.90779833,12.43,27/09/2021,autumn
221,JCFINP2109,12,positive,-111.4529692,27.80905417,12,-111.4658183,27.82305833,28.879,28/09/2021,autumn
222,JCFINP2109,13,positive,-111.4674633,28.11939083,13,-111.48915,28.12829,1.957,28/09/2021,autumn
223,JCFINP2109,14,positive,-111.3260575,28.05446417,14,-111.3459833,28.06390667,0.958,28/09/2021,autumn
224,JCFINP2110,1,positive,-116.0155642,30.01228333,1,-116.0132717,30.03887833,74.835,18/10/2021,autumn
225,JCFINP2110,2,positive,-116.2320325,30.12684667,2,-116.2565183,30.11474,0.47,19/10/2021,autumn
226,JCFINP2110,3,positive,-116.0239925,30.2332725,3,-116.0458917,30.22131667,467.154,19/10/2021,autumn
227,JCFINP2110,4,positive,-115.8829875,30.1122725,4,-115.8984017,30.10315833,23.358,19/10/2021,autumn
228,JCFINP2110,5,positive,-115.8572433,29.93066583,5,-115.86053,29.94777,1774.649,19/10/2021,autumn
229,JCFINP2110,6,positive,-116.1325167,29.98555,6,-116.104245,29.97784833,0.52,20/10/2021,autumn
230,JCFINP2110,7,positive,-115.9911192,29.85681417,7,-115.9996767,29.835535,37.452,20/10/2021,autumn
231,JCFINP2110,8,positive,-115.9095567,29.70520583,8,-115.88522,29.71841167,677.5,21/10/2021,autumn
232,JCFINP2110,9,negative,-116.0419667,29.63622417,9,-116.0171617,29.649405,0.056,21/10/2021,autumn
233,JCFINP2110,10,positive,-115.6148253,29.47040583,10,-115.5944083,29.48133667,534.846,21/10/2021,autumn
234,JCFINP2110,11,positive,-115.70728,29.61779667,11,-115.681715,29.63094667,141.762,21/10/2021,autumn
235,JCFINP2110,12,positive,-115.814565,29.5635775,12,-115.7852967,29.57746833,64.574,22/10/2021,autumn
236,JCFINP2110,13,positive,-115.1688783,29.3247875,13,-115.1924067,29.33845,26.937,23/10/2021,autumn
237,JCFINP2110,14,positive,-115.3158358,29.42402333,14,-115.2953517,29.40962833,793.092,24/10/2021,autumn
238,JCFINP2110,15,negative,-115.4756375,29.51667583,15,-115.498285,29.52964167,4.945,24/10/2021,autumn
239,JCFINP2110,16,positive,-115.7609008,29.37450167,16,-115.7849583,29.385355,54.89,24/10/2021,autumn
240,JCFINP2110,17,positive,-115.5618467,29.29299083,17,-115.5949817,29.30412,6.668,25/10/2021,autumn
241,JCFINP2110,18,negative,-115.5886267,29.08000417,18,-115.5816667,29.10478167,0.366,25/10/2021,autumn
242,JCFINP2110,19,positive,-115.4299133,29.15703175,19,-115.4593783,29.16575517,13.937,25/10/2021,autumn
243,JCFINP2110,20,positive,-115.2078342,29.09060833,20,-115.2328667,29.09751333,145.321,26/10/2021,autumn
244,JCFINP2110,21,negative,-115.3004067,28.85678917,21,-115.2908867,28.881265,0.369,26/10/2021,autumn
245,JCFINP2110,22,negative,-114.78706,29.10092917,22,-114.80185,29.11405667,0,27/10/2021,autumn
246,JCFINP2110,23,positive,-114.9621117,28.8330325,23,-114.9452317,28.85197333,1.12,27/10/2021,autumn
247,JCFINP2110,24,negative,-115.1427842,28.7417575,24,-115.166425,28.72922333,0.678,27/10/2021,autumn
248,JCFINP2110,25,positive,-114.6995608,28.97272667,25,-114.7233383,28.960415,1.855,28/10/2021,autumn
249,JCFINP2110,26,positive,-114.7423983,28.71868917,26,-114.7387317,28.74247833,30.882,28/10/2021,autumn
250,JCFINP2110,27,positive,-115.768945,28.17750083,27,-115.7823217,28.19898167,11.681,28/10/2021,autumn
251,JCFINP2110,28,positive,-115.6090192,27.91238417,28,-115.6217983,27.93281833,2.454,29/10/2021,autumn
252,JCFINP2110,29,negative,-114.8656383,28.4998825,29,-114.8956133,28.50916667,6.885,29/10/2021,autumn
253,JCFINP2110,30,negative,-114.635975,28.42972,30,-114.6612167,28.43715,3.079,30/10/2021,autumn
254,JCFINP2110,31,negative,-114.2745725,28.60799583,31,-114.2963033,28.59759667,17.353,30/10/2021,autumn
255,JCFINP2110,32,positive,-114.455295,28.49873417,32,-114.4285167,28.49791333,14.858,30/10/2021,autumn
256,JCFINP2110,33,negative,-115.7781275,27.59030667,33,-115.7923883,27.61120833,2.934,31/10/2021,autumn
257,JCFINP2110,34,positive,-115.196445,27.729925,34,-115.1718417,27.74383333,31.918,1/11/2021,autumn
258,JCFINP2110,35,positive,-115.41795,27.78629583,35,-115.4389767,27.79906667,16.638,2/11/2021,autumn
259,JCFINP2110,36,negative,-115.7841967,27.38086667,36,-115.7913433,27.40703,2.276,2/11/2021,autumn
260,JCFINP2110,37,negative,-115.5449958,27.32347,37,-115.54979,27.35247167,8.615,2/11/2021,autumn
261,JCFINP2110,38,negative,-115.2763608,27.48166833,38,-115.2788567,27.5056,193.403,3/11/2021,autumn
262,JCFINP2110,39,positive,-114.84021,27.33198167,39,-114.8449583,27.35752167,16.756,3/11/2021,autumn
263,JCFINP2110,40,positive,-114.6659867,27.43127917,40,-114.6908533,27.44295167,8.421,4/11/2021,autumn
264,JCFINP2110,41,negative,-114.5124108,27.1223825,41,-114.52216,27.14502,0.579,4/11/2021,autumn
265,JCFINP2110,42,positive,-114.6648092,27.22541083,42,-114.665565,27.25129,6.033,4/11/2021,autumn
266,JCFINP2110,43,positive,-114.5485175,27.27869583,43,-114.54948,27.30406833,94.554,5/11/2021,autumn
267,JCFINP2110,44,negative,-114.4818475,27.14404167,44,-114.504575,27.15619667,0.94,5/11/2021,autumn
268,JCFINP2110,45,positive,-114.3242608,27.0267075,45,-114.3476517,27.01406667,41.607,5/11/2021,autumn
269,JCFINP2110,46,positive,-114.1737175,26.91384917,46,-114.1950667,26.929775,6.334,5/11/2021,autumn
270,JCFINP2110,47,positive,-113.9953075,26.82160333,47,-114.0205917,26.83390333,0.325,6/11/2021,autumn
271,JCFINP2110,48,positive,-113.9517625,26.65286917,48,-113.95521,26.630375,2.444,6/11/2021,autumn
272,JCFINP2110,49,positive,-113.5239875,26.27194333,49,-113.5227633,26.29722167,0.46,7/11/2021,autumn
273,JCFINP2110,50,positive,-113.5047417,26.49315833,50,-113.4964,26.515745,8.848,8/11/2021,autumn
274,JCFINP2111,1,negative,-112.2220833,24.59733,1,-112.23186,24.58434,0.006,27/11/2021,autumn
275,JCFINP2111,2,negative,-112.427305,24.32850833,2,-112.443245,24.30788667,2.825,28/11/2021,autumn
276,JCFINP2111,3,negative,-112.864835,23.75412083,3,-112.88132,23.73546,3.027,28/11/2021,autumn
277,JCFINP2111,4,negative,-112.6424983,24.04557167,4,-112.6575083,24.02512167,0.153,29/11/2021,autumn
278,JCFINP2111,5,negative,-112.7327492,23.63173667,5,-112.7492083,23.610985,4.529,29/11/2021,autumn
279,JCFINP2111,6,negative,-112.5151567,23.917825,6,-112.5312983,23.89670833,0.354,30/11/2021,autumn
280,JCFINP2111,7,negative,-112.3737001,23.80907167,7,-112.35767,23.829505,0.241,30/11/2021,autumn
281,JCFINP2111,8,negative,-112.1483592,24.10408917,8,-112.1346367,24.09242333,0.427,30/11/2021,autumn
282,JCFINP2111,9,negative,-112.3125858,24.18361417,9,-112.29786,24.20318167,2.341,30/11/2021,autumn
283,JCFINP2111,10,positive,-112.0894483,24.47525333,10,-112.107055,24.45362,0.418,1/12/2021,autumn
284,JCFINP2111,11,negative,-112.1448717,23.80900083,11,-112.1323283,23.83076833,0.459,1/12/2021,autumn
285,JCFINP2111,12,positive,-112.2616733,23.66119583,12,-112.2463967,23.68127167,0.361,1/12/2021,autumn
286,JCFINP2111,13,negative,-112.48169,23.37134833,13,-112.4659917,23.3929,0.167,2/12/2021,autumn
287,JCFINP2111,14,negative,-112.3251408,23.2839275,14,-112.340675,23.26371167,0.364,2/12/2021,autumn
288,JCFINP2111,15,negative,-112.1129967,23.56086,15,-112.1280283,23.54043833,0.244,3/12/2021,autumn
289,JCFINP2111,16,negative,-112.0011258,23.70844833,16,-112.0169217,23.687765,0.085,3/12/2021,autumn
290,JCFINP2111,17,negative,-112.0372283,23.9518875,17,-112.0642183,23.94791333,0.092,3/12/2021,autumn
291,JCFINP2111,18,negative,-111.7793675,23.9815875,18,-111.7986817,23.99432,43.609,4/12/2021,autumn
292,JCFINP2111,19,negative,-111.647275,23.87838417,19,-111.6309017,23.899745,3.65,4/12/2021,autumn
293,JCFINP2111,20,negative,-111.7472308,23.74484667,20,-111.7588017,23.76900167,1.802,4/12/2021,autumn
294,JCFINP2201,1,negative,-107.8057233,24.07359667,1,-107.8186583,24.082275,5.444,31/01/2022,winter
295,JCFINP2201,2,negative,-107.8178025,24.12404083,2,-107.8298833,24.13227667,2.174,31/01/2022,winter
296,JCFINP2201,3,negative,-107.9416967,24.13844333,3,-107.928415,24.12983667,3.187,1/2/2022,winter
297,JCFINP2201,4,negative,-107.9273033,24.2493925,4,-108.0204533,24.26096833,15.364,1/2/2022,winter
298,JCFINP2201,5,negative,-108.1109617,24.255265,5,-108.099025,24.24568,329.21222,1/2/2022,winter
299,JCFINP2201,6,negative,-108.0904208,24.46464,6,-108.0860783,24.45998667,7.455,2/2/2022,winter
300,JCFINP2201,7,positive,-108.5263817,24.98505667,7,-108.5388583,24.99270333,29.485,3/2/2022,winter
301,JCFINP2201,8,negative,-108.6772683,24.92629917,8,-108.6925717,24.927605,8.376,3/2/2022,winter
302,JCFINP2201,9,negative,-108.8296142,24.949505,9,-108.81093,24.93864833,584.31,4/2/2022,winter
303,JCFINP2201,10,negative,-108.9226592,25.03557583,10,-108.93891,25.04337333,100.056,4/2/2022,winter
304,JCFINP2201,11,negative,-109.0029825,25.1381275,11,-109.0125233,25.14994667,26.926,5/2/2022,winter
305,JCFINP2201,12,negative,-109.1607167,25.34553667,12,-109.1738167,25.352225,67.228,5/2/2022,winter
306,JCFINP2201,13,negative,-109.6631242,26.07035167,13,-109.652325,26.08304333,74.548,6/2/2022,winter
307,JCFINP2201,14,negative,-109.6278042,26.19343583,14,-109.6227433,26.20587833,1188.993,7/2/2022,winter
308,JCFINP2201,15,negative,-109.63977,26.32581917,15,-109.6318233,26.31556167,1182.168,7/2/2022,winter
309,JCFINP2201,16,negative,-109.7884508,26.42831583,16,-109.7923417,26.43966667,238.002,NA,NA
310,JCFINP2201,17,negative,-109.9417692,26.55612083,17,-109.95297,26.56426667,2.933,9/2/2022,winter
311,JCFINP2201,18,positive,-110.0913167,26.79682,18,-110.0913167,26.806405,642.243,9/2/2022,winter
312,JCFINP2205,1,negative,-109.5426217,25.7622175,1,-109.5452467,25.78154167,34.124,22/05/2022,spring
313,JCFINP2205,2,negative,-109.4502325,25.63887083,2,-109.4491083,25.63865833,57.703,23/05/2022,spring
314,JCFINP2205,3,positive,-109.6399333,25.9349475,3,-109.6392867,25.93514333,62.608,23/05/2022,spring
315,JCFINP2205,4,positive,-110.680135,25.33928417,4,-110.68991,25.36061167,1.185,24/05/2022,spring
316,JCFINP2205,5,negative,-110.5270517,25.08238417,5,-110.533955,25.10421667,0.816,24/05/2022,spring
317,JCFINP2205,6,negative,-110.2069167,25.05526917,6,-110.22992,25.04352333,17.945,24/05/2022,spring
318,JCFINP2205,7,negative,-109.9279542,25.1980925,7,-109.9495283,25.18703833,5.318,25/05/2022,spring
319,JCFINP2205,8,positive,-109.3311283,25.4712425,8,-109.353285,25.47553,41.848,25/05/2022,spring
320,JCFINP2205,9,positive,-109.174435,25.38652167,9,-109.1514183,25.39828167,83.85,26/05/2022,spring
321,JCFINP2205,10,positive,-109.0782025,25.32475333,10,-109.0586817,25.30775,200.575,26/05/2022,spring
322,JCFINP2205,11,positive,-108.9343275,25.11482667,11,-108.9097567,25.12729,6.718,26/05/2022,spring
323,JCFINP2205,12,negative,-108.8327892,24.97187083,12,-108.812295,24.98238333,37.942,27/05/2022,spring
324,JCFINP2205,13,positive,-109.3693158,24.89350917,13,-109.349965,24.90338667,12.13,27/05/2022,spring
325,JCFINP2205,14,negative,-109.2476167,24.56797333,14,-109.2705417,24.56114833,3.368,28/05/2022,spring
326,JCFINP2205,15,negative,-109.0570575,24.66020083,15,-109.0803133,24.64815833,2.121,28/05/2022,spring
327,JCFINP2205,16,negative,-108.9316292,24.78126083,16,-108.913705,24.80042167,12.118,28/05/2022,spring
328,JCFINP2205,17,positive,-108.7012783,25.03910667,17,-108.6802833,25.04978667,3.796,29/05/2022,spring
329,JCFINP2205,18,positive,-108.1949542,24.708075,18,-108.173725,24.71882833,158.329,29/05/2022,spring
330,JCFINP2205,19,positive,-108.3694383,24.81553167,19,-108.3492067,24.8259,168.498,29/05/2022,spring
331,JCFINP2205,20,negative,-108.4501308,24.93558167,20,-108.4254667,24.94044833,1.585,30/05/2022,spring
332,JCFINP2205,21,negative,-109.397465,23.70017167,21,-109.3726733,23.71286167,36.878,30/05/2022,spring
333,JCFINP2205,22,positive,-108.424715,23.80502667,22,-108.4043333,23.81543167,123.349,31/05/2022,spring
334,JCFINP2205,23,negative,-108.1402525,24.5394675,23,-108.1179883,24.55079333,216.771,1/6/2022,spring
335,JCFINP2205,24,positive,-108.454,24.00792083,24,-108.4348567,23.99647,3.029,1/6/2022,spring
336,JCFINP2205,25,negative,-108.1425075,24.34073667,25,-108.15758,24.32095167,3.109,2/6/2022,spring
337,JCFINP2205,26,positive,-107.30695,23.98271417,26,-107.2847733,23.99407833,64.417,2/6/2022,spring
338,JCFINP2205,27,positive,-107.4778158,24.09186583,27,-107.454195,24.10384667,211.273,3/6/2022,spring
339,JCFINP2205,28,positive,-107.9830267,24.20079917,28,-107.6261183,24.21283,133.8,3/6/2022,spring
340,JCFINP2205,29,positive,-107.0318863,23.7260075,29,-107.0016827,23.73715,152.762,3/6/2022,spring
341,JCFINP2205,30,positive,-107.114742,23.8462875,30,-107.0166023,23.85826833,242.806,4/6/2022,spring
342,JCFINP2205,31,negative,-107.5192317,23.87427917,31,-107.4949517,23.886635,67.343,4/6/2022,spring
343,JCFINP2205,32,positive,-106.6288617,23.34687167,32,-106.60765,23.357685,116.922,4/6/2022,spring
344,JCFINP2205,33,negative,-106.7613958,23.47515,33,-106.73447,23.488545,0,4/6/2022,spring
345,JCFINP2206,1,negative,-109.6557992,26.12361167,1,-109.6369483,26.13315167,7.695,24/06/2022,summer
346,JCFINP2206,2,positive,-109.4939408,26.4051375,2,-109.4801717,26.41469833,7.053,24/06/2022,summer
347,JCFINP2206,3,negative,-110.396175,25.94147333,3,-110.377065,25.951275,3.961,24/06/2022,summer
348,JCFINP2206,4,positive,-110.7934675,25.57442582,4,-110.79972,25.5747533,7.891,25/06/2022,summer
349,JCFINP2206,5,negative,-110.0017133,26.34007417,5,-110.01717,26.33207667,1.809,25/06/2022,summer
350,JCFINP2206,6,positive,-109.6169692,26.53631083,6,-109.5962167,26.54688333,44.628,26/06/2022,summer
351,JCFINP2206,7,positive,-110.9730467,26.03922917,7,-110.99162,26.029655,26.118,26/06/2022,summer
352,JCFINP2206,8,positive,-110.9742533,25.84231583,8,-110.9921467,25.83311333,2.705,27/06/2022,summer
353,JCFINP2206,9,positive,-111.31793,26.23088583,9,-111.3395267,26.23212667,46.772,27/06/2022,summer
354,JCFINP2206,10,positive,-111.1480008,26.1463825,10,-111.16981,26.135135,4.804,28/06/2022,summer
355,JCFINP2206,11,positive,-110.0028025,26.7318125,11,-109.9818717,26.74274833,144.845,28/06/2022,summer
356,JCFINP2206,12,positive,-110.15303,26.85195333,12,-110.1337233,26.86177333,31.456,29/06/2022,summer
357,JCFINP2206,13,positive,-110.3051875,26.97048333,13,-110.28551,26.98056833,3.172,29/06/2022,summer
358,JCFINP2206,14,positive,-110.6991542,27.39507833,14,-110.6792583,27.402445,10.125,29/06/2022,summer
359,JCFINP2206,15,positive,-110.3856225,27.126105,15,-110.3678633,27.13498333,12.935,30/06/2022,summer
360,JCFINP2206,16,positive,-111.3758392,26.4229725,16,-111.395575,26.41258167,29.129,1/7/2022,summer
361,JCFINP2206,17,positive,-111.4538267,26.57987,17,-111.4717617,26.56996167,40.934,1/7/2022,summer
362,JCFINP2206,18,positive,-111.1372283,26.74140083,18,-111.1203317,26.750025,1.252,1/7/2022,summer
363,JCFINP2206,19,positive,-111.5067258,26.7826125,19,-111.4883383,26.79158333,3.391,2/7/2022,summer
364,JCFINP2206,20,positive,-111.7236492,26.88058583,20,-111.7171317,26.87032667,6.35,2/7/2022,summer
365,JCFINP2206,21,positive,-112.0432558,27.29478917,21,-112.0651383,27.2841,11.878,2/7/2022,summer
366,JCFINP2206,22,positive,-111.9300267,27.156075,22,-111.9510183,27.14528333,21.984,3/7/2022,summer
367,JCFINP2206,23,positive,-111.35546,27.44989,23,-111.3705217,27.44218333,5.943,3/7/2022,summer
368,JCFINP2206,24,positive,-110.7427,27.5666975,24,-110.722125,27.57727333,85.782,3/7/2022,summer
369,JCFINP2206,25,positive,-110.7462892,27.76129667,25,-110.7253367,27.77209167,90.709,4/7/2022,summer
370,JCFINP2206,26,positive,-111.2531858,28.0141425,26,-111.2673233,28.02580667,0.706,5/7/2022,summer
371,JCFINP2206,27,positive,-111.4955358,28.23744,27,-111.4761917,28.24725667,1.502,5/7/2022,summer
372,JCFINP2206,28,positive,-112.26391,27.47592333,28,-112.2592417,27.45932333,10.099,6/7/2022,summer
373,JCFINP2206,29,positive,-112.1827267,27.88595667,29,-112.2001183,27.87692333,2.908,6/7/2022,summer
374,JCFINP2206,30,negative,-111.9752242,27.9920825,30,-111.9939317,27.98257667,0.215,6/7/2022,summer
375,JCFINP2206,31,positive,-111.7802333,28.2884975,31,-111.7616417,28.29785833,10.682,7/7/2022,summer
376,JCFINP2206,32,positive,-112.6233425,28.053885,32,-112.641845,28.04443167,0.757,7/7/2022,summer
377,JCFINP2206,33,positive,-112.70831,28.2069,33,-112.72842,28.19652167,20.758,7/7/2022,summer
378,JCFINP2206,34,positive,-112.65163,28.4330625,34,-112.6765483,28.42038833,0.187,8/7/2022,summer
379,JCFINP2206,35,positive,-112.1466417,28.69022583,35,-112.12469,28.70153333,87.854,9/7/2022,summer
380,JCFINP2206,36,positive,-112.084665,28.52602583,36,-112.0669083,28.535145,23.949,9/7/2022,summer
381,JCFINP2207,1,negative,-117.031185,32.2409475,1,-117.0534,32.252265,236.76,26/07/2022,summer
382,JCFINP2207,2,positive,-117.2891875,32.31133,2,-117.268385,32.32144333,103.039,27/07/2022,summer
383,JCFINP2207,3,negative,-117.0405858,32.04826417,3,-117.059135,32.03895833,98.768,27/07/2022,summer
384,JCFINP2207,4,positive,-117.0010925,31.87401417,4,-116.981565,31.88394,114.372,28/07/2022,summer
385,JCFINP2207,5,negative,-117.9445408,31.78625092,5,-117.96246,31.77709183,65.823,28/07/2022,summer
386,JCFINP2207,6,positive,-117.5935033,31.76903333,6,-117.6142783,31.75856833,1.168,29/07/2022,summer
387,JCFINP2207,7,negative,-116.7874375,31.59361583,7,-116.7641867,31.6054,2.651,29/07/2022,summer
388,JCFINP2207,8,positive,-117.0493533,31.65425667,8,-117.0259933,31.66633333,91.148,29/07/2022,summer
389,JCFINP2207,9,negative,-117.4024575,31.67098333,9,-117.3809383,31.681815,0.844,30/07/2022,summer
390,JCFINP2207,10,negative,-117.4296675,31.46136084,10,-117.4083883,31.47207,148.97,30/07/2022,summer
391,JCFINP2207,11,negative,-117.2663142,31.3506525,11,-117.2454917,31.36109833,3.989,31/07/2022,summer
392,JCFINP2207,12,positive,-116.5454042,31.32787,12,-116.5237617,31.338875,4.602,31/07/2022,summer
393,JCFINP2207,13,positive,-116.6566408,31.455445,13,-116.64182,31.44171167,6.529,1/8/2022,summer
394,JCFINP2207,14,positive,-117.0620275,31.259735,14,-117.0401917,31.270825,54.072,1/8/2022,summer
395,JCFINP2207,15,positive,-116.4208358,31.00263917,15,-116.3986767,31.013835,11.802,1/8/2022,summer
396,JCFINP2207,16,negative,-116.5225933,31.14485,16,-116.5039633,31.15419667,0.064,2/8/2022,summer
397,JCFINP2207,17,positive,-116.9065242,31.14429642,17,-116.8838083,31.155815,14.886,2/8/2022,summer
398,JCFINP2207,18,negative,-116.7141208,31.04404,18,-116.73367,31.03720167,11.633,3/8/2022,summer
399,JCFINP2207,19,negative,-116.8877258,30.78976417,19,-116.8996967,30.80218333,14.673,3/8/2022,summer
400,JCFINP2207,20,positive,-116.4176858,30.80527,20,-116.3957267,30.82047667,0.285,3/8/2022,summer
401,JCFINP2207,21,positive,-116.2805767,30.68506167,21,-116.2984617,30.67590833,8.403,4/8/2022,summer
402,JCFINP2207,22,positive,-116.1821192,30.54094083,22,-116.16151,30.55147333,4.872,4/8/2022,summer
403,JCFINP2207,23,positive,-116.3659683,30.44623833,23,-116.3484933,30.45524667,12.412,4/8/2022,summer
404,JCFINP2207,24,positive,-116.5601842,30.54136417,24,-116.5415483,30.55086167,3.334,5/8/2022,summer
405,JCFINP2207,25,negative,-117.0353483,30.49297417,25,-117.0530567,30.51089833,0.415,5/8/2022,summer
406,JCFINP2207,26,positive,-116.9721992,30.14386667,26,-116.9899483,30.16209167,0.219,6/8/2022,summer
407,JCFINP2207,27,positive,-115.9498192,30.07919667,27,-115.9615333,30.09868,27.397,6/8/2022,summer
408,JCFINP2207,28,positive,-116.0462308,30.22861834,28,-116.0590983,30.24659667,6.874,7/8/2022,summer
409,JCFINP2207,29,positive,-115.8690508,29.72708083,29,-115.8903967,29.71583333,291.387,7/8/2022,summer
410,JCFINP2207,30,positive,-115.87678,29.919265,30,-115.86058,29.92766333,298.771,8/8/2022,summer
411,JCFINP2207,31,positive,-116.1329925,29.58831583,31,-116.1501333,29.579255,4.72,8/8/2022,summer
412,JCFINP2207,32,positive,-116.6190283,29.5334125,32,-116.5985217,29.54398333,0.464,9/8/2022,summer
413,JCFINP2207,33,positive,-115.7502592,29.59554,33,-115.7674967,29.58661,8.331,9/8/2022,summer
414,JCFINP2207,34,positive,-115.6334917,29.461325,34,-115.649165,29.45334333,0.775,10/8/2022,summer
415,JCFINP2207,35,positive,-115.3269233,29.42499,35,-115.3070417,29.435565,1.079,10/8/2022,summer
416,JCFINP2207,36,positive,-115.9364167,29.30456584,36,-115.9558567,29.29458667,0.161,11/8/2022,summer
417,JCFINP2207,37,positive,-115.6349192,29.28118083,37,-115.6544567,29.293325,4.099,11/8/2022,summer
418,JCFINP2207,38,positive,-115.4753242,29.1667975,38,-115.4942783,29.180755,4.851,11/8/2022,summer
419,JCFINP2207,39,negative,-115.2817167,29.24907417,39,-115.2630233,29.25994,113.34,11/8/2022,summer
420,JCFINP2207,40,negative,-115.2057825,29.12048167,40,-115.2217367,29.13242333,97.039,12/8/2022,summer
421,JCFINP2207,41,negative,-114.89972,29.06306917,41,-114.9205867,29.05237,20.082,12/8/2022,summer
422,JCFINP2207,42,positive,-115.3488575,28.83033417,42,-115.3650183,28.85122833,0.134,12/8/2022,summer
423,JCFINP2207,43,positive,-114.8907675,28.67432667,43,-114.9046183,28.69160333,1.927,13/08/2022,summer
424,JCFINP2207,44,positive,-114.63335,28.82722167,44,-114.6454867,28.83887,2.346,13/08/2022,summer
425,JCFINP2207,45,positive,-114.56941,28.47187583,45,-114.5753017,28.49094333,3.265,14/08/2022,summer
426,JCFINP2207,46,negative,-115.7866034,28.20348667,46,-115.7927417,28.2229,0.493,14/08/2022,summer
427,JCFINP2207,47,negative,-115.6090117,27.922075,47,-115.6146533,27.94079,1.002,15/08/2022,summer
428,JCFINP2208,1,positive,-115.1422692,27.73797167,1,-115.135935,27.76123167,4.212,25/08/2022,summer
429,JCFINP2208,2,negative,-115.41028,27.7872775,2,-115.4301117,27.802295,2.856,26/08/2022,summer
430,JCFINP2208,3,positive,-115.1068925,27.57182667,3,-115.126155,27.590305,10.571,26/08/2022,summer
431,JCFINP2208,4,positive,-114.975455,27.65148917,4,-114.9862133,27.669625,30.892,27/08/2022,summer
432,JCFINP2208,5,positive,-114.8865975,27.58113167,5,-114.9039,27.59314333,52.94,27/08/2022,summer
433,JCFINP2208,6,positive,-114.8220183,27.34464167,6,-114.8283767,27.368025,6.005,28/08/2022,summer
434,JCFINP2208,7,positive,-114.5489717,27.29486084,7,-114.5505717,27.316985,410.463,28/08/2022,summer
435,JCFINP2208,8,positive,-114.5115942,27.10577083,8,-114.52768,27.126665,27.17,28/08/2022,summer
436,JCFINP2208,9,positive,-114.2522375,27.05676,9,-114.2426067,27.07475667,5.619,29/08/2022,summer
437,JCFINP2208,10,negative,-114.0789308,26.9636875,10,-114.0917817,26.97750667,3.002,29/08/2022,summer
438,JCFINP2208,11,positive,-114.5703159,26.68093834,11,-114.5833817,26.703765,1.409,30/08/2022,summer
439,JCFINP2208,12,positive,-114.333085,26.438775,12,-114.3432183,26.45793333,2.657,30/08/2022,summer
440,JCFINP2208,13,positive,-113.239215,26.62388167,13,-113.223865,26.63140333,42.838,30/08/2022,summer
441,JCFINP2208,14,negative,-113.7557375,26.73855667,14,-113.7685883,26.75438167,31.036,31/08/2022,summer
442,JCFINP2208,15,negative,-113.621005,26.62115917,15,-113.6384017,26.63662167,0.103,31/08/2022,summer
443,JCFINP2208,16,positive,-113.12113,26.49200833,16,-113.103325,26.50148333,165.597,31/08/2022,summer
444,JCFINP2208,17,negative,-113.4516875,26.5108775,17,-113.47028,26.52269167,10.618,1/9/2022,summer
445,JCFINP2208,18,positive,-112.8044934,26.07549834,18,-112.8245667,26.064815,105.877,1/9/2022,summer
446,JCFINP2208,19,negative,-113.1644242,26.2708475,19,-113.17079,26.28669833,0.063,2/9/2022,summer
447,JCFINP2208,20,negative,-113.1643809,26.2708475,20,-113.17079,26.28669833,0.657,2/9/2022,summer
448,INPI2304,1,positive,-109.4744167,25.733835,1,-109.4744167,25.733835,185.8,23/04/2023,spring
449,INPI2304,2,positive,-109.4865333,25.84906667,2,-109.4865333,25.84906667,2.74,23/04/2023,spring
450,INPI2304,3,positive,-109.4980667,25.95283333,3,-109.4980667,25.95283333,4.055,24/04/2023,spring
451,INPI2304,4,negative,-109.4903667,25.5985,4,-109.4903667,25.5985,0,24/04/2023,spring
452,INPI2304,5,positive,-109.2907333,25.54111667,5,-109.2907333,25.54111667,87,25/04/2023,spring
453,INPI2304,6,positive,-109.1409167,25.42121667,6,-109.1409167,25.42121667,10.87,25/04/2023,spring
454,INPI2304,7,positive,-108.65455,25.30896667,7,-108.65455,25.30896667,33.87,25/04/2023,spring
455,INPI2304,8,positive,-108.89485,25.31111667,8,-108.89485,25.31111667,11.8,26/04/2023,spring
456,INPI2304,9,positive,-108.590325,25.10476667,9,-108.6033333,25.1146,0,26/04/2023,spring
457,INPI2304,10,positive,-108.33315,24.99808333,10,-108.33315,24.99808333,0.17,26/04/2023,spring
458,INPI2304,11,positive,-108.15535,24.74686667,11,-108.15535,24.74686667,46.3,27/04/2023,spring
459,INPI2304,12,positive,-108.0402333,24.61055,12,-108.0402333,24.61055,94.8,27/04/2023,spring
460,INPI2304,13,positive,-107.90455,24.47521667,13,-107.90455,24.47521667,27.6,27/04/2023,spring
461,INPI2304,14,positive,-107.6920833,24.40695,14,-107.6920833,24.40695,75.82,27/04/2023,spring
462,INPI2304,15,positive,-107.6256667,24.22985,15,-107.6256667,24.22985,1.5,28/04/2023,spring
463,INPI2304,16,positive,-107.2690833,24.01346667,16,-107.2690833,24.01346667,10.1,28/04/2023,spring
464,INPI2304,17,positive,-107.1200167,23.8906,17,-107.1200167,23.8906,3,28/04/2023,spring
465,INPI2304,18,negative,-106.9516667,23.78911667,18,-106.9516667,23.78911667,7.4,29/04/2023,spring
466,INPI2304,19,negative,-106.8949083,23.60255833,19,-106.9031667,23.61876667,0,29/04/2023,spring
467,INPI2304,20,negative,-106.673085,23.51264,20,-106.6758333,23.51563333,3.4,29/04/2023,spring
468,INPI2304,21,positive,-106.5685417,23.37136667,21,-106.58275,23.38683333,0,30/04/2023,spring
469,INPI2304,22,positive,-106.5139732,23.25262031,22,-106.51425,23.25313333,3.5,30/04/2023,spring
470,INPI2304,23,positive,-106.3146575,23.08793333,23,-106.3153167,23.08855,0.9,30/04/2023,spring
471,INPI2304,24,positive,-106.1516167,22.941625,24,-106.1657667,22.97278333,0,30/04/2023,spring
472,JCFINP2304,1,positive,-109.5506608,25.765305,1,-109.5422833,25.765305,0.56,15/04/2023,spring
473,JCFINP2304,2,positive,-109.6095867,25.928865,2,-109.6057367,25.920415,0.348,16/04/2023,spring
474,JCFINP2304,3,negative,-109.6708734,25.525875,3,-109.6887067,25.51681833,10.54596,16/04/2023,spring
475,JCFINP2304,4,positive,-109.6228658,25.7399675,4,-109.6149933,25.72362333,6.8987,17/04/2023,spring
476,JCFINP2304,5,positive,-109.6714484,25.9147725,5,-109.66459,25.89773333,28.351,17/04/2023,spring
477,JCFINP2304,6,negative,-110.0212342,25.5431775,6,-110.0133133,25.52461,0.324,17/04/2023,spring
478,JCFINP2304,7,negative,-110.2393434,25.62822334,7,-110.2254667,25.63534,5.183,18/04/2023,spring
479,JCFINP2304,8,negative,-110.1926947,25.16078722,8,-110.2254667,25.63534,1.666,18/04/2023,spring
480,JCFINP2304,9,negative,-110.3872778,25.14719896,9,-110.4294767,25.137955,6.938,19/04/2023,spring
481,JCFINP2304,10,positive,-109.4424442,25.44594583,10,-109.4623367,25.43575833,6.67,19/04/2023,spring
482,JCFINP2304,11,positive,-109.1658434,25.38466084,11,-109.1840767,25.399535,0.862,19/04/2023,spring
483,JCFINP2304,12,negative,-109.3880859,25.26964667,12,-109.36768,25.28769,3.692,20/04/2023,spring
484,JCFINP2304,13,negative,-109.0606492,25.25026083,13,-109.0817533,25.25072833,7.709,20/04/2023,spring
485,JCFINP2304,14,positive,-108.93851,25.12378334,14,-108.9519083,25.140525,2.608,21/04/2023,spring
486,JCFINP2304,15,negative,-109.1407543,25.00816946,15,-108.9519083,25.140525,4.3,21/04/2023,spring
487,JCFINP2304,16,negative,-109.9408659,24.60665,16,-109.954655,24.62318333,1.547,21/04/2023,spring
488,JCFINP2304,17,negative,-109.6550525,24.373605,17,-109.6698017,24.386145,7.246,22/04/2023,spring
489,JCFINP2304,18,negative,-109.2020559,25.0386425,18,-109.723125,25.04941833,1.834,22/04/2023,spring
490,JCFINP2304,19,positive,-108.4882417,24.95764417,19,-108.50657,24.97029333,18.113,22/04/2023,spring
491,JCFINP2304,20,negative,-108.6246133,24.8814075,20,-108.6035783,24.89191667,99.141,23/04/2023,spring
492,JCFINP2304,21,positive,-108.0910934,24.59418084,21,-108.079765,24.61164,17.336,23/04/2023,spring
493,JCFINP2304,22,negative,-108.18452,24.70643667,22,-108.1658667,24.68449,9.173,23/04/2023,spring
494,JCFINP2304,23,negative,-108.3262367,24.83390334,23,-108.30734,24.818565,41.135,24/04/2023,spring
495,JCFINP2304,24,negative,-109.5118358,24.03034167,24,-109.4933233,24.01639667,17.016,24/04/2023,spring
496,JCFINP2304,25,negative,-109.5120158,23.65515333,25,-109.5205633,23.66420833,6.144,25/04/2023,spring
497,JCFINP2304,26,negative,-109.1552359,23.4343725,26,-109.174485,23.42121333,12.053,25/04/2023,spring
498,JCFINP2304,27,negative,-108.8062083,24.00368167,27,-108.8255483,24.00143833,2.474,26/04/2023,spring
499,JCFINP2304,28,positive,-107.6478942,24.197645,28,-107.620365,24.20732,14.034,26/04/2023,spring
500,JCFINP2304,29,positive,-107.7628717,24.317095,29,-107.6873333,24.30568333,2.088,26/04/2023,spring
501,JCFINP2304,30,positive,-108.0192034,24.40572917,30,-107.9978367,24.39589833,3.573,27/04/2023,spring
502,JCFINP2304,31,positive,-107.4898334,24.0858075,31,-107.466245,24.09781667,43.898,27/04/2023,spring
503,JCFINP2304,32,negative,-107.9559692,24.04467667,32,-107.936035,24.053925,21.026,27/04/2023,spring
504,JCFINP2304,33,negative,-107.9369509,23.85718584,33,-107.9545217,23.84840167,6.032,28/04/2023,spring
505,JCFINP2304,34,positive,-107.0391725,23.7271125,34,-107.0191917,23.737825,6.174,28/04/2023,spring
506,JCFINP2304,35,positive,-107.2063617,23.89984,35,-107.1899467,23.88443,18.425,29/04/2023,spring
507,JCFINP2304,36,negative,-107.1937298,23.87913997,36,-106.92195,23.39340167,6.335,29/04/2023,spring
508,JCFINP2304,37,negative,-106.6517267,23.35288083,37,-106.6698517,23.36057833,11.036,29/04/2023,spring
509,JCFINP2304,38,negative,-106.8821042,23.6059525,38,-106.8684383,23.58844333,17.419,30/04/2023,spring
510,JCFINP2304,39,positive,-105.9522492,22.511135,39,-105.9413483,22.49388667,23.514,1/5/2023,spring
511,JCFINP2304,40,negative,-106.0344067,22.6589725,40,-106.0242617,22.64030167,16.931,1/5/2023,spring
512,JCFINP2304,41,negative,-105.9049567,22.3711675,41,-105.91238,22.39102833,17.337,2/5/2023,spring
513,JCFINP2304,42,negative,-105.8142442,22.01056917,42,-105.8206667,22.02773833,2.93,3/5/2023,spring
514,JCFINP2305,43,negative,-109.5858517,26.04096833,43,-109.5712967,26.05496333,0,17/05/2023,spring
515,JCFINP2305,44,positive,-109.6245359,26.04255,44,-109.6011267,26.04755333,22.396,17/05/2023,spring
516,JCFINP2305,45,positive,-109.4576967,26.42119,45,-109.4395667,26.43025667,73.34,17/05/2023,spring
517,JCFINP2305,46,positive,-109.5898934,26.14973,46,-109.57781,26.16438333,25.238,18/05/2023,spring
518,JCFINP2305,47,negative,-109.9608667,26.16764667,47,-109.948215,26.17086333,17.799,18/05/2023,spring
519,JCFINP2305,48,positive,-110.7653575,25.5740925,48,-110.7862017,25.57533667,11.11,19/05/2023,spring
520,JCFINP2305,49,negative,-110.7582159,25.75357833,49,-110.737185,25.75154333,0.057,19/05/2023,spring
521,JCFINP2305,50,negative,-110.7157108,26.17062083,50,-110.7339283,26.16133833,5.989,19/05/2023,spring
522,JCFINP2305,51,negative,-110.3468458,26.1638,51,-110.3675433,26.15320833,3.26,20/05/2023,spring
523,JCFINP2305,52,negative,-109.724525,26.4812725,52,-109.7420283,26.47239167,10.989,20/05/2023,spring
524,JCFINP2305,53,positive,-109.6094975,26.54021917,53,-109.5876383,26.55118167,24.333,21/05/2023,spring
525,JCFINP2305,54,negative,-109.854985,26.6113325,54,-109.8337,26.62180667,3.277,21/05/2023,spring
526,JCFINP2305,55,positive,-111.182585,26.13352167,55,-111.1539767,26.132445,1.903,21/05/2023,spring
527,JCFINP2305,56,positive,-111.321485,26.2026075,56,-111.30483,26.18515,36.433,21/05/2023,spring
528,JCFINP2305,57,positive,-111.3687858,26.38037083,57,-111.3726883,26.39548833,16.157,22/05/2023,spring
529,JCFINP2305,58,positive,-110.120195,26.86839417,58,-110.0997267,26.87891833,4.084,23/05/2023,spring
530,JCFINP2305,59,positive,-109.994755,26.7361175,59,-110.0144067,26.72613,5.437,23/05/2023,spring
531,JCFINP2305,60,negative,-110.2905192,26.97792334,60,-110.31577,26.965035,91,23/05/2023,spring
532,JCFINP2305,61,positive,-110.4736517,27.08075417,61,-110.4943867,27.070125,96.772,24/05/2023,spring
533,JCFINP2305,62,positive,-111.46806,26.572945,62,-111.4549617,26.55682833,64.803,24/05/2023,spring
534,JCFINP2305,63,positive,-111.7605417,26.875155,63,-111.7407333,26.86349333,73.076,25/05/2023,spring
535,JCFINP2305,64,positive,-110.6984225,27.3929425,64,-110.6799317,27.40225667,45.737,25/05/2023,spring
536,JCFINP2305,65,positive,-110.7421,27.56715,65,-110.7223,27.5771,199.361,26/05/2023,spring
537,JCFINP2305,66,positive,-110.75081,27.75867333,66,-110.7295733,27.76988833,52.103,26/05/2023,spring
538,JCFINP2305,67,positive,-111.2237659,27.97443833,67,-111.2468317,27.98722833,79.333,26/05/2023,spring
539,JCFINP2305,68,positive,-110.9783959,27.86083334,68,-111.00261,27.87212667,8.988,27/05/2023,spring
540,JCFINP2305,69,negative,-111.0591008,27.79833667,69,-111.0374433,27.80921333,9.578,27/05/2023,spring
541,JCFINP2305,70,positive,-112.0416075,27.295595,70,-112.0617733,27.285325,20.463,27/05/2023,spring
542,JCFINP2305,71,positive,-111.9531317,27.1438275,71,-111.97481,27.13352167,17.751,27/05/2023,spring
543,JCFINP2305,72,positive,-111.86183,26.99436833,72,-111.8821967,26.98388,12.739,28/05/2023,spring
544,JCFINP2305,73,negative,-112.5026825,27.72241084,73,-112.5237917,27.71172,1.988,28/05/2023,spring
545,JCFINP2305,74,positive,-112.2868925,27.63629084,74,-112.30942,27.624865,5.31,28/05/2023,spring
546,JCFINP2305,75,positive,-112.2578542,27.46710834,75,-112.2627017,27.48584167,0.828,29/05/2023,spring
547,JCFINP2305,76,positive,-111.5760567,28.28987584,76,-111.6059567,28.301215,88.301,29/05/2023,spring
548,JCFINP2305,77,positive,-111.8329634,28.26140084,77,-111.8138117,28.27122667,29.252,30/05/2023,spring
549,JCFINP2305,78,positive,-112.0276767,28.3584225,78,-112.0080267,28.36864333,20.407,30/05/2023,spring
550,JCFINP2305,79,positive,-112.6661067,28.42581584,79,-112.6518967,28.43297167,0.184,30/05/2023,spring
551,JCFINP2305,80,positive,-112.6906159,27.94216333,80,-112.696795,27.96377833,0.488,31/05/2023,spring
552,JCFINP2305,81,positive,-112.4581109,28.77350417,81,-112.4755217,28.78300833,3.266,31/05/2023,spring
553,JCFINP2305,82,positive,-112.1858342,28.70624834,82,-112.1672933,28.70975167,23.504,1/6/2023,spring
554,INPI2306,1,positive,-110.1166917,22.92800833,1,-110.1103333,22.94133333,11.2,14/06/2023,spring
555,INPI2306,2,negative,-110.181075,23.29006667,2,-110.1791667,23.27296667,0,15/06/2023,spring
556,INPI2306,3,positive,-110.61545,23.644525,3,-110.62665,23.65785,9.5,15/06/2023,spring
557,INPI2306,4,positive,-110.8844667,23.88103333,4,-110.8705167,23.86541667,33.4,16/06/2023,spring
558,INPI2306,5,negative,-111.0200083,24.00743333,5,-111.0332667,24.01445,5.552,16/06/2023,spring
559,INPI2306,6,positive,-111.3230417,24.22960833,6,-111.3066667,24.21855,10.046,17/06/2023,spring
560,INPI2306,7,positive,-111.5024149,24.32538604,7,-111.48995,24.31948333,2.715,17/06/2023,spring
561,INPI2306,8,positive,-111.7995083,24.36003333,8,-111.8178833,24.37036667,32.53,17/06/2023,spring
562,INPI2306,9,negative,-111.998775,24.45786667,9,-111.9908333,24.45506667,130.325,18/06/2023,spring
563,INPI2306,10,negative,-112.2859833,24.68271667,10,-112.266,24.68956667,322.5,18/06/2023,spring
564,INPI2306,11,negative,-112.2941667,25.07205,11,-112.2893,25.08963333,63.522,19/06/2023,spring
565,INPI2306,12,positive,-112.2033917,25.31989167,12,-112.2038333,25.30291667,324.504,19/06/2023,spring
566,INPI2306,13,negative,-112.2646667,25.672775,13,-112.2815667,25.66525,0,19/06/2023,spring
567,INPI2306,14,negative,-112.281675,25.85495,14,-112.2701,25.8418,142.4,20/06/2023,spring
568,INPI2306,15,positive,-112.5095667,26.12913333,15,-112.4993667,26.11463333,63.206,20/06/2023,spring
569,INPI2306,16,positive,-112.9084917,26.30475,16,-112.8933333,26.31306667,220.139,20/06/2023,spring
570,INPI2306,17,positive,-113.1085583,26.41434167,17,-113.0967167,26.40548333,55.5,21/06/2023,summer
571,INPI2306,18,positive,-113.2274833,26.52213333,18,-113.2440167,26.51195,71.7,21/06/2023,summer
572,INPI2306,19,positive,-113.8363167,26.591225,19,-113.8474833,26.60826667,148.494,21/06/2023,summer
573,INPI2306,20,positive,-113.81625,26.79259167,20,-113.8044667,26.78121667,40.72,22/06/2023,summer
574,INPI2306,21,positive,-114.0162167,26.88104167,21,-114.0039,26.86746667,0.377,22/06/2023,summer
575,INPI2306,22,positive,-116.918975,32.001325,22,-116.9147667,31.98968333,0.367,30/06/2023,summer
576,INPI2306,23,negative,-116.9919833,32.17293334,23,-117.0001333,32.19196667,0,1/7/2023,summer
577,INPI2306,24,negative,-117.0927667,32.301975,24,-117.1041167,32.31921667,0.219,1/7/2023,summer
578,INPI2306,25,positive,-116.7830417,31.8733,25,-116.8000333,31.88253333,1.428,1/7/2023,summer
579,INPI2306,26,negative,-116.8111833,31.68758333,26,-116.8286833,31.69758333,2.8,2/7/2023,summer
580,INPI2306,27,negative,-116.7081,31.52725,27,-116.72665,31.5317,0.478,2/7/2023,summer
581,INPI2306,28,positive,-116.6390083,31.36904167,28,-116.65165,31.37923333,19.351,2/7/2023,summer
582,INPI2306,29,positive,-116.4875917,31.255925,29,-116.5025833,31.26725,0.413,3/7/2023,summer
583,INPI2306,30,positive,-116.3625583,31.12320833,30,-116.3441,31.13176667,30,3/7/2023,summer
584,INPI2306,31,positive,-116.2239083,30.79879167,31,-116.2452833,30.80541667,0.305,3/7/2023,summer
585,INPI2306,32,positive,-116.1574833,30.63921667,32,-116.1733333,30.6516,8.701,4/7/2023,summer
586,INPI2306,33,positive,-116.0193667,30.31940833,33,-116.0415167,30.3316,0.011,4/7/2023,summer
587,INPI2306,34,negative,-115.989625,30.14041667,34,-115.9995833,30.1606,0.506,4/7/2023,summer
588,INPI2306,35,negative,-115.9618833,29.95580833,35,-115.9760667,29.96783333,0,5/7/2023,summer
589,INPI2306,36,negative,-114.71515,29.05445,36,-114.69555,29.06473333,0,6/7/2023,summer
590,INPI2306,37,positive,-114.4644833,28.79385,37,-114.4755,28.80481667,1.54,6/7/2023,summer
591,JCFINP2306,1,positive,-110.0729967,22.9476925,1,-110.0624617,22.92936833,116.802,15/06/2023,spring
592,JCFINP2306,2,negative,-110.2562542,23.04995333,2,-110.2813633,23.03623833,2.478,15/06/2023,spring
593,JCFINP2306,3,positive,-110.2238392,23.26713167,3,-110.21712,23.24379,30.8927,15/06/2023,spring
594,JCFINP2306,4,negative,-110.2711292,22.84547667,4,-110.2511767,22.85642,3.29,16/06/2023,spring
595,JCFINP2306,5,negative,-110.9148925,22.49377834,5,-110.88785,22.5091,4.381,16/06/2023,spring
596,JCFINP2306,6,negative,-111.0575842,22.80906084,6,-111.0342533,22.82192667,5.013,17/06/2023,spring
597,JCFINP2306,7,negative,-111.4718233,23.36704167,7,-111.4950483,23.35429167,40.924,17/06/2023,spring
598,JCFINP2306,8,negative,-111.1857033,23.126255,8,-111.2068983,23.11467333,14.306,18/06/2023,spring
599,JCFINP2306,9,positive,-110.6520475,23.6166825,9,-110.67361,23.60489833,249.45,18/06/2023,spring
600,JCFINP2306,10,positive,-110.5330959,23.4818175,10,-110.5546817,23.46998333,3.474,19/06/2023,spring
601,JCFINP2306,11,positive,-110.2958225,23.46373834,11,-110.3103817,23.482875,9.986,19/06/2023,spring
602,JCFINP2306,12,positive,-110.7656367,23.75758167,12,-110.7807067,23.772555,38.351,19/06/2023,spring
603,JCFINP2306,13,positive,-110.8649259,23.88739667,13,-110.84823,23.864895,87.927,19/06/2023,spring
604,JCFINP2306,14,positive,-111.1663608,23.92477667,14,-111.1461733,23.93583,137.923,20/06/2023,spring
605,JCFINP2306,15,positive,-111.7126717,23.89855,15,-111.7388967,23.90687333,8.445,20/06/2023,spring
606,JCFINP2306,16,positive,-111.5883258,23.70142833,16,-111.6109983,23.71406833,6.63,21/06/2023,summer
607,JCFINP2306,17,positive,-111.2251275,24.10388,17,-111.2429,24.11518667,238.85,21/06/2023,summer
608,JCFINP2306,18,positive,-111.4301775,24.1705675,18,-111.40814,24.18266833,872.582,22/06/2023,summer
609,JCFINP2306,19,positive,-111.5888075,24.28313,19,-111.61071,24.29448,7.632,22/06/2023,summer
610,JCFINP2306,20,positive,-111.9224667,24.301585,20,-111.9419233,24.310565,120.657,22/06/2023,summer
611,JCFINP2306,21,negative,-112.0468084,24.428155,21,-112.0626217,24.443495,218.559,23/06/2023,summer
612,JCFINP2306,22,negative,-112.4822575,24.7846075,22,-112.5044333,24.79945,97.477,23/06/2023,summer
613,JCFINP2306,23,positive,-112.3467084,24.67108917,23,-112.36711,24.68003167,437.279,24/06/2023,summer
614,JCFINP2306,24,positive,-112.154095,24.5849275,24,-112.17361,24.60507,59.192,24/06/2023,summer
615,JCFINP2306,25,positive,-112.3528534,25.04849417,25,-112.3741767,25.06252,777.921,25/06/2023,summer
616,JCFINP2306,26,negative,-112.4685834,25.1869825,26,-112.48794,25.202425,37.017,25/06/2023,summer
617,JCFINP2306,27,negative,-112.8065033,25.197525,27,-112.8270133,25.21265667,26.408,26/06/2023,summer
618,JCFINP2306,28,positive,-112.6255408,25.686615,28,-112.6461383,25.70273333,176.11,26/06/2023,summer
619,JCFINP2306,29,negative,-112.55796,25.52173334,29,-112.5779217,25.53807167,232.209,27/06/2023,summer
620,JCFINP2306,30,negative,-112.4831217,25.37125667,30,-112.4930867,25.39245167,27.11,27/06/2023,summer
621,JCFINP2306,31,negative,-113.08463,25.63013333,31,-113.0976633,25.65192833,1.237,27/06/2023,summer
622,JCFINP2306,32,negative,-112.9346017,25.3620125,32,-112.94516,25.38375,36.45,27/06/2023,summer
623,JCFINP2306,33,positive,-112.602625,26.07858417,33,-112.624635,26.06694167,246.227,28/06/2023,summer
624,JCFINP2306,34,negative,-112.5445242,25.9152075,34,-112.5236783,25.92648333,208.281,29/06/2023,summer
625,JCFINP2306,35,positive,-113.392485,26.64645167,35,-113.3445133,26.65866,1150.506,29/06/2023,summer
626,JCFINP2306,36,negative,-113.19999,26.35196417,36,-113.21713,26.36284833,450.41,30/06/2023,summer
627,JCFINP2306,37,positive,-114.1215675,27.005115,37,-114.0569333,27.017555,58.093,30/07/2023,summer
628,JCFINP2306,38,negative,-113.9243867,26.75241334,38,-113.9472133,26.76446,11.856,30/07/2023,summer
629,JCFINP2306,39,positive,-114.6796883,27.31720583,39,-114.7021083,27.30519833,223.723,1/7/2023,summer
630,JCFINP2306,40,positive,-114.8410817,27.42948917,40,-114.8164733,27.44262833,54.672,1/7/2023,summer
631,JCFINP2306,41,positive,-114.8905892,27.59451084,41,-114.88377,27.57814667,135.368,2/7/2023,summer
632,JCFINP2306,42,positive,-115.3282208,27.7363675,42,-115.3556833,27.75312667,123.19,2/7/2023,summer
633,JCFINP2306,43,positive,-115.1587909,27.65489333,43,-115.1823417,27.66666833,275.068,2/7/2023,summer
634,JCFINP2306,44,positive,-115.9457767,28.01952834,44,-115.934065,28.04598667,25.512,3/7/2023,summer
635,JCFINP2306,45,positive,-115.5223808,27.84573417,45,-115.5493483,27.86028167,3660.764,4/7/2023,summer
636,JCFINP2306,46,positive,-114.7040142,29.01921584,46,-114.71941,29.035165,9.811,4/7/2023,summer
637,JCFINP2306,47,negative,-114.7432542,28.66092667,47,-114.763145,28.67355667,17.22,5/7/2023,summer
638,JCFINP2306,48,negative,-114.84657,28.99846084,48,-114.8675417,29.007015,27.513,5/7/2023,summer
639,JCFINP2306,49,negative,-115.1934275,29.0042325,49,-115.1666083,29.01709667,27.121,6/7/2023,summer
640,JCFINP2306,50,positive,-115.4287575,29.27302917,50,-115.448395,29.29549833,26.267,7/7/2023,summer
641,JCFINP2306,51,positive,-115.1583642,29.22558083,51,-115.1749033,29.24267833,22.02,8/7/2023,summer
642,JCFINP2306,52,positive,-115.7545617,29.6826475,52,-115.7334467,29.69371333,13.956,8/7/2023,summer
643,JCFINP2306,53,positive,-115.4881834,29.43864167,53,-115.5075967,29.45677,25.13,8/7/2023,summer
644,JCFINP2306,54,positive,-115.87489,29.44181667,54,-115.8929767,29.46069167,522.712,9/7/2023,summer
645,JCFINP2306,55,positive,-115.8806409,30.20426417,55,-115.857825,30.21567833,7.107,9/7/2023,summer
646,JCFINP2306,56,positive,-115.8666717,30.01714584,56,-115.8679517,30.04615667,24.057,9/7/2023,summer
647,JCFINP2306,57,positive,-116.005055,29.74823417,57,-116.0221733,29.77382167,5.346,10/7/2023,summer
648,JCFINP2306,58,positive,-116.2199759,30.42105583,58,-116.199085,30.43141333,41.656,10/7/2023,summer
649,JCFINP2306,59,positive,-116.1178442,30.30922083,59,-116.1372567,30.29202833,35.263,10/7/2023,summer
650,JCFINP2306,60,positive,-115.8812659,30.21507167,60,-115.882115,30.239645,18.428,11/7/2023,summer
651,JCFINP2306,61,positive,-116.3638434,30.5449675,61,-116.38238,30.56391833,315.768,11/7/2023,summer
652,JCFINP2306,62,positive,-116.3863475,30.72123084,62,-116.3614383,30.734115,15.394,12/7/2023,summer
653,JCFINP2306,63,positive,-116.63738,30.79394667,63,-116.657565,30.81525333,194.97,12/7/2023,summer
654,JCFINP2306,64,positive,-116.5368442,31.03636667,64,-116.5629683,31.04968333,211.703,13/07/2023,summer
655,JCFINP2306,65,positive,-116.3671767,31.06795167,65,-116.36707,31.08395333,2522.1,13/07/2023,summer
656,JCFINP2306,66,positive,-116.6442425,31.3819675,66,-116.6672583,31.40572,78.886,13/07/2023,summer
657,JCFINP2306,67,positive,-116.482745,31.25300334,67,-116.4978167,31.27562667,8.494,13/07/2023,summer
658,JCFINP2306,68,positive,-116.8997442,31.83052,68,-116.9160517,31.84771333,27.682,14/07/2023,summer
659,JCFINP2306,69,negative,-116.8649917,31.66048333,69,-116.8760783,31.67724333,180.709,14/07/2023,summer
660,JCFINP2306,70,positive,-116.79318,31.48249084,70,-116.8126283,31.50302,154.639,15/07/2023,summer
661,JCFINP2306,71,positive,-117.1577258,32.07785084,71,-117.1794133,32.066995,133.452,15/07/2023,summer
662,JCFINP2306,72,negative,-117.0468242,31.9458225,72,-117.0683817,31.96021,104.726,15/07/2023,summer
663,JCFINP2306,73,positive,-117.1158692,31.71430417,73,-117.1333367,31.73174167,58.565,16/07/2023,summer
664,JCFINP2306,74,positive,-117.483775,32.304295,74,-117.501275,32.32261833,422.27,16/07/2023,summer
665,JCFINP2306,75,positive,-117.11855,32.27027083,75,-117.14261,32.28688333,1.368,17/07/2023,summer
